Season,MatchID,Date,Team,Opponent,is_home,goals_for,goals_against,result,Pts,xPts
2024-2025,1,2024-08-16,Fulham,Man United,False,0,1,H,0,0.7683615819209038
2024-2025,1,2024-08-16,Man United,Fulham,True,1,0,H,3,2.005649717514124
2024-2025,2,2024-08-17,Liverpool,Ipswich,False,2,0,A,3,2.318418234664219
2024-2025,2,2024-08-17,Ipswich,Liverpool,True,0,2,A,0,0.508643108459538
2024-2025,3,2024-08-17,Wolves,Arsenal,False,0,2,H,0,0.34423535212425005
2024-2025,3,2024-08-17,Arsenal,Wolves,True,2,0,H,3,2.5297066316048977
2024-2025,4,2024-08-17,Brighton,Everton,False,3,0,A,3,1.3575297941495126
2024-2025,4,2024-08-17,Everton,Brighton,True,0,3,A,0,1.3575297941495126
2024-2025,5,2024-08-17,Southampton,Newcastle,False,0,1,H,0,0.5381539486837722
2024-2025,5,2024-08-17,Newcastle,Southampton,True,1,0,H,3,2.2805731422859052
2024-2025,6,2024-08-17,Bournemouth,Nott'm Forest,False,1,1,D,1,1.29126213592233
2024-2025,6,2024-08-17,Nott'm Forest,Bournemouth,True,1,1,D,1,1.436893203883495
2024-2025,7,2024-08-17,Aston Villa,West Ham,False,2,1,A,3,1.3040361386624768
2024-2025,7,2024-08-17,West Ham,Aston Villa,True,1,2,A,0,1.4313070804281645
2024-2025,8,2024-08-18,Crystal Palace,Brentford,False,1,2,H,0,1.258606885508407
2024-2025,8,2024-08-18,Brentford,Crystal Palace,True,2,1,H,3,1.4627702161729386
2024-2025,9,2024-08-18,Man City,Chelsea,False,2,0,A,3,1.821322803553801
2024-2025,9,2024-08-18,Chelsea,Man City,True,0,2,A,0,0.9358341559723594
2024-2025,10,2024-08-19,Tottenham,Leicester,False,1,1,D,1,1.9869657224612804
2024-2025,10,2024-08-19,Leicester,Tottenham,True,1,1,D,1,0.7927136430152918
2024-2025,11,2024-08-24,Man United,Brighton,False,1,2,H,0,1.343128815151041
2024-2025,11,2024-08-24,Brighton,Man United,True,2,1,H,3,1.3995930505556426
2024-2025,12,2024-08-24,West Ham,Crystal Palace,False,2,0,A,3,1.1514919663351186
2024-2025,12,2024-08-24,Crystal Palace,West Ham,True,0,2,A,0,1.58530986993114
2024-2025,13,2024-08-24,Leicester,Fulham,False,1,2,H,0,0.9251497005988023
2024-2025,13,2024-08-24,Fulham,Leicester,True,2,1,H,3,1.8233532934131735
2024-2025,14,2024-08-24,Ipswich,Man City,False,1,4,H,0,0.214017521902378
2024-2025,14,2024-08-24,Man City,Ipswich,True,4,1,H,3,2.707133917396746
2024-2025,15,2024-08-24,Nott'm Forest,Southampton,False,1,0,A,3,1.306110102843315
2024-2025,15,2024-08-24,Southampton,Nott'm Forest,True,0,1,A,0,1.4059286146400485
2024-2025,16,2024-08-24,Everton,Tottenham,False,0,4,H,0,0.6347318109399894
2024-2025,16,2024-08-24,Tottenham,Everton,True,4,0,H,3,2.166436537440255
2024-2025,17,2024-08-24,Arsenal,Aston Villa,False,2,0,A,3,1.8558251715202971
2024-2025,17,2024-08-24,Aston Villa,Arsenal,True,0,2,A,0,0.8972018969085606
2024-2025,18,2024-08-25,Newcastle,Bournemouth,False,1,1,D,1,1.531055900621118
2024-2025,18,2024-08-25,Bournemouth,Newcastle,True,1,1,D,1,1.2212732919254659
2024-2025,19,2024-08-25,Chelsea,Wolves,False,6,2,A,3,1.8665255897797632
2024-2025,19,2024-08-25,Wolves,Chelsea,True,2,6,A,0,0.8959166078846303
2024-2025,20,2024-08-25,Brentford,Liverpool,False,0,2,H,0,0.4244727735218433
2024-2025,20,2024-08-25,Liverpool,Brentford,True,2,0,H,3,2.4102457925404472
2024-2025,21,2024-08-31,Brighton,Arsenal,False,1,1,D,1,0.508643108459538
2024-2025,21,2024-08-31,Arsenal,Brighton,True,1,1,D,1,2.318418234664219
2024-2025,22,2024-08-31,Southampton,Brentford,False,1,3,H,0,0.8965467648891801
2024-2025,22,2024-08-31,Brentford,Southampton,True,3,1,H,3,1.861279342910561
2024-2025,23,2024-08-31,Bournemouth,Everton,False,3,2,A,3,1.4006791171477084
2024-2025,23,2024-08-31,Everton,Bournemouth,True,2,3,A,0,1.3191850594227505
2024-2025,24,2024-08-31,Fulham,Ipswich,False,1,1,D,1,1.5088408644400786
2024-2025,24,2024-08-31,Ipswich,Fulham,True,1,1,D,1,1.2200392927308445
2024-2025,25,2024-08-31,Aston Villa,Leicester,False,2,1,A,3,1.8998459167950694
2024-2025,25,2024-08-31,Leicester,Aston Villa,True,1,2,A,0,0.8644067796610169
2024-2025,26,2024-08-31,Wolves,Nott'm Forest,False,1,1,D,1,1.038961038961039
2024-2025,26,2024-08-31,Nott'm Forest,Wolves,True,1,1,D,1,1.7012987012987018
2024-2025,27,2024-08-31,Man City,West Ham,False,3,1,A,3,2.2450224215246637
2024-2025,27,2024-08-31,West Ham,Man City,True,1,3,A,0,0.5817040358744394
2024-2025,28,2024-09-01,Crystal Palace,Chelsea,False,1,1,D,1,0.7869211001148231
2024-2025,28,2024-09-01,Chelsea,Crystal Palace,True,1,1,D,1,1.9943681994641589
2024-2025,29,2024-09-01,Tottenham,Newcastle,False,1,2,H,0,1.380952380952381
2024-2025,29,2024-09-01,Newcastle,Tottenham,True,2,1,H,3,1.380952380952381
2024-2025,30,2024-09-01,Liverpool,Man United,False,3,0,A,3,1.7730061349693251
2024-2025,30,2024-09-01,Man United,Liverpool,True,0,3,A,0,1.0
2024-2025,31,2024-09-14,Man United,Southampton,False,3,0,A,3,1.8998459167950694
2024-2025,31,2024-09-14,Southampton,Man United,True,0,3,A,0,0.8644067796610169
2024-2025,32,2024-09-14,Ipswich,Brighton,False,0,0,D,1,0.5671232876712329
2024-2025,32,2024-09-14,Brighton,Ipswich,True,0,0,D,1,2.243835616438356
2024-2025,33,2024-09-14,Leicester,Crystal Palace,False,2,2,D,1,0.7582241240973523
2024-2025,33,2024-09-14,Crystal Palace,Leicester,True,2,2,D,1,2.0034768654720514
2024-2025,34,2024-09-14,West Ham,Fulham,False,1,1,D,1,1.2322842639593907
2024-2025,34,2024-09-14,Fulham,West Ham,True,1,1,D,1,1.477766497461929
2024-2025,35,2024-09-14,Nott'm Forest,Liverpool,False,1,0,A,3,0.382121905140698
2024-2025,35,2024-09-14,Liverpool,Nott'm Forest,True,0,1,A,0,2.472307845281893
2024-2025,36,2024-09-14,Brentford,Man City,False,1,2,H,0,0.35518394648829427
2024-2025,36,2024-09-14,Man City,Brentford,True,2,1,H,3,2.5264214046822744
2024-2025,37,2024-09-14,Everton,Aston Villa,False,2,3,H,0,0.6608996539792389
2024-2025,37,2024-09-14,Aston Villa,Everton,True,3,2,H,3,2.114186851211073
2024-2025,38,2024-09-14,Chelsea,Bournemouth,False,1,0,A,3,1.6676427525622255
2024-2025,38,2024-09-14,Bournemouth,Chelsea,True,0,1,A,0,1.0834553440702783
2024-2025,39,2024-09-15,Arsenal,Tottenham,False,1,0,A,3,1.5088408644400786
2024-2025,39,2024-09-15,Tottenham,Arsenal,True,0,1,A,0,1.2200392927308445
2024-2025,40,2024-09-15,Newcastle,Wolves,False,2,1,A,3,1.6233421750663133
2024-2025,40,2024-09-15,Wolves,Newcastle,True,1,2,A,0,1.1061007957559683
2024-2025,41,2024-09-21,Chelsea,West Ham,False,3,0,A,3,1.7142857142857142
2024-2025,41,2024-09-21,West Ham,Chelsea,True,0,3,A,0,1.040816326530612
2024-2025,42,2024-09-21,Wolves,Aston Villa,False,1,3,H,0,0.7597495018502705
2024-2025,42,2024-09-21,Aston Villa,Wolves,True,3,1,H,3,2.016794762311415
2024-2025,43,2024-09-21,Newcastle,Fulham,False,1,3,H,0,1.4788732394366197
2024-2025,43,2024-09-21,Fulham,Newcastle,True,3,1,H,3,1.2394366197183098
2024-2025,44,2024-09-21,Everton,Leicester,False,1,1,D,1,1.272777821908015
2024-2025,44,2024-09-21,Leicester,Everton,True,1,1,D,1,1.4469775200571928
2024-2025,45,2024-09-21,Bournemouth,Liverpool,False,0,3,H,0,0.4742030890568518
2024-2025,45,2024-09-21,Liverpool,Bournemouth,True,3,0,H,3,2.3720013144922776
2024-2025,46,2024-09-21,Ipswich,Southampton,False,1,1,D,1,1.1731684110371075
2024-2025,46,2024-09-21,Southampton,Ipswich,True,1,1,D,1,1.5528068506184585
2024-2025,47,2024-09-21,Brentford,Tottenham,False,1,3,H,0,0.7316770186335404
2024-2025,47,2024-09-21,Tottenham,Brentford,True,3,1,H,3,2.0565217391304347
2024-2025,48,2024-09-21,Man United,Crystal Palace,False,0,0,D,1,1.4980997351145917
2024-2025,48,2024-09-21,Crystal Palace,Man United,True,0,0,D,1,1.2476102729471379
2024-2025,49,2024-09-22,Nott'm Forest,Brighton,False,2,2,D,1,0.8565965583173998
2024-2025,49,2024-09-22,Brighton,Nott'm Forest,True,2,2,D,1,1.8891013384321225
2024-2025,50,2024-09-22,Arsenal,Man City,False,2,2,D,1,0.894736842105263
2024-2025,50,2024-09-22,Man City,Arsenal,True,2,2,D,1,1.8421052631578947
2024-2025,51,2024-09-28,Man City,Newcastle,False,1,1,D,1,2.012519541256683
2024-2025,51,2024-09-28,Newcastle,Man City,True,1,1,D,1,0.7667792067891908
2024-2025,52,2024-09-28,Leicester,Arsenal,False,2,4,H,0,0.31059832550541144
2024-2025,52,2024-09-28,Arsenal,Leicester,True,4,2,H,3,2.5699407800694303
2024-2025,53,2024-09-28,West Ham,Brentford,False,1,1,D,1,1.1619121048573633
2024-2025,53,2024-09-28,Brentford,West Ham,True,1,1,D,1,1.566692367000771
2024-2025,54,2024-09-28,Brighton,Chelsea,False,2,4,H,0,0.9033942558746736
2024-2025,54,2024-09-28,Chelsea,Brighton,True,4,2,H,3,1.8707571801566583
2024-2025,55,2024-09-28,Crystal Palace,Everton,False,1,2,H,0,1.3702308626974482
2024-2025,55,2024-09-28,Everton,Crystal Palace,True,2,1,H,3,1.3421628189550423
2024-2025,56,2024-09-28,Fulham,Nott'm Forest,False,1,0,A,3,1.2333092311400338
2024-2025,56,2024-09-28,Nott'm Forest,Fulham,True,0,1,A,0,1.4798746685948423
2024-2025,57,2024-09-28,Liverpool,Wolves,False,2,1,A,3,2.312113552401322
2024-2025,57,2024-09-28,Wolves,Liverpool,True,1,2,A,0,0.5223799338907252
2024-2025,58,2024-09-29,Aston Villa,Ipswich,False,2,2,D,1,1.786109927567107
2024-2025,58,2024-09-29,Ipswich,Aston Villa,True,2,2,D,1,0.9616531742650194
2024-2025,59,2024-09-29,Tottenham,Man United,False,3,0,A,3,1.2857840742550075
2024-2025,59,2024-09-29,Man United,Tottenham,True,0,3,A,0,1.4616511968734736
2024-2025,60,2024-09-30,Southampton,Bournemouth,False,1,3,H,0,0.8037448965225961
2024-2025,60,2024-09-30,Bournemouth,Southampton,True,3,1,H,3,1.9639588906096015
2024-2025,61,2024-10-05,Liverpool,Crystal Palace,False,1,0,A,3,2.105263157894737
2024-2025,61,2024-10-05,Crystal Palace,Liverpool,True,0,1,A,0,0.6842105263157895
2024-2025,62,2024-10-05,Southampton,Arsenal,False,1,3,H,0,0.27463863337713534
2024-2025,62,2024-10-05,Arsenal,Southampton,True,3,1,H,3,2.619250985545335
2024-2025,63,2024-10-05,Wolves,Brentford,False,3,5,H,0,1.0947724708537043
2024-2025,63,2024-10-05,Brentford,Wolves,True,5,3,H,3,1.6430989093644226
2024-2025,64,2024-10-05,Bournemouth,Leicester,False,0,1,H,0,1.5763210321601366
2024-2025,64,2024-10-05,Leicester,Bournemouth,True,1,0,H,3,1.170761787306707
2024-2025,65,2024-10-05,Fulham,Man City,False,2,3,H,0,0.4375896700143472
2024-2025,65,2024-10-05,Man City,Fulham,True,3,2,H,3,2.4261119081779055
2024-2025,66,2024-10-05,Ipswich,West Ham,False,1,4,H,0,0.9107694287184765
2024-2025,66,2024-10-05,West Ham,Ipswich,True,4,1,H,3,1.8385229027277408
2024-2025,67,2024-10-05,Newcastle,Everton,False,0,0,D,1,1.5709969788519638
2024-2025,67,2024-10-05,Everton,Newcastle,True,0,0,D,1,1.163141993957704
2024-2025,68,2024-10-06,Man United,Aston Villa,False,0,0,D,1,1.2011494252873565
2024-2025,68,2024-10-06,Aston Villa,Man United,True,0,0,D,1,1.5459770114942528
2024-2025,69,2024-10-06,Nott'm Forest,Chelsea,False,1,1,D,1,0.650120799472875
2024-2025,69,2024-10-06,Chelsea,Nott'm Forest,True,1,1,D,1,2.1385899406984406
2024-2025,70,2024-10-06,Tottenham,Brighton,False,2,3,H,0,1.5377147124719939
2024-2025,70,2024-10-06,Brighton,Tottenham,True,3,2,H,3,1.2240477968633308
2024-2025,71,2024-10-19,West Ham,Tottenham,False,1,4,H,0,0.7297297297297298
2024-2025,71,2024-10-19,Tottenham,West Ham,True,4,1,H,3,2.081081081081081
2024-2025,72,2024-10-19,Aston Villa,Fulham,False,3,1,A,3,1.29126213592233
2024-2025,72,2024-10-19,Fulham,Aston Villa,True,1,3,A,0,1.436893203883495
2024-2025,73,2024-10-19,Everton,Ipswich,False,2,0,A,3,1.2333092311400338
2024-2025,73,2024-10-19,Ipswich,Everton,True,0,2,A,0,1.4798746685948423
2024-2025,74,2024-10-19,Brentford,Man United,False,1,2,H,0,0.8628673196794302
2024-2025,74,2024-10-19,Man United,Brentford,True,2,1,H,3,1.9100623330365099
2024-2025,75,2024-10-19,Brighton,Newcastle,False,1,0,A,3,1.0402830702231898
2024-2025,75,2024-10-19,Newcastle,Brighton,True,0,1,A,0,1.7049537289058245
2024-2025,76,2024-10-19,Leicester,Southampton,False,3,2,A,3,1.2200392927308448
2024-2025,76,2024-10-19,Southampton,Leicester,True,2,3,A,0,1.5088408644400788
2024-2025,77,2024-10-19,Arsenal,Bournemouth,False,0,2,H,0,1.952610794207986
2024-2025,77,2024-10-19,Bournemouth,Arsenal,True,2,0,H,3,0.8060552874067572
2024-2025,78,2024-10-20,Man City,Wolves,False,2,1,A,3,2.3212248574001797
2024-2025,78,2024-10-20,Wolves,Man City,True,1,2,A,0,0.5190633443410386
2024-2025,79,2024-10-20,Chelsea,Liverpool,False,1,2,H,0,0.7952443107655638
2024-2025,79,2024-10-20,Liverpool,Chelsea,True,2,1,H,3,1.9749162930594175
2024-2025,80,2024-10-21,Crystal Palace,Nott'm Forest,False,0,1,H,0,1.2200392927308448
2024-2025,80,2024-10-21,Nott'm Forest,Crystal Palace,True,1,0,H,3,1.5088408644400788
2024-2025,81,2024-10-25,Nott'm Forest,Leicester,False,3,1,A,3,1.4748201438848922
2024-2025,81,2024-10-25,Leicester,Nott'm Forest,True,1,3,A,0,1.237410071942446
2024-2025,82,2024-10-26,Bournemouth,Aston Villa,False,1,1,D,1,0.9865817994151042
2024-2025,82,2024-10-26,Aston Villa,Bournemouth,True,1,1,D,1,1.7715465336315155
2024-2025,83,2024-10-26,Ipswich,Brentford,False,3,4,H,0,0.8233871081168511
2024-2025,83,2024-10-26,Brentford,Ipswich,True,4,3,H,3,1.9561456560570474
2024-2025,84,2024-10-26,Wolves,Brighton,False,2,2,D,1,0.8372093023255814
2024-2025,84,2024-10-26,Brighton,Wolves,True,2,2,D,1,1.9534883720930232
2024-2025,85,2024-10-26,Southampton,Man City,False,0,1,H,0,0.2608891333700055
2024-2025,85,2024-10-26,Man City,Southampton,True,1,0,H,3,2.6447467120068007
2024-2025,86,2024-10-26,Fulham,Everton,False,1,1,D,1,1.3773642156366948
2024-2025,86,2024-10-26,Everton,Fulham,True,1,1,D,1,1.3300293314453322
2024-2025,87,2024-10-27,Newcastle,Chelsea,False,1,2,H,0,0.9027347319149193
2024-2025,87,2024-10-27,Chelsea,Newcastle,True,2,1,H,3,1.8767018082803881
2024-2025,88,2024-10-27,Tottenham,Crystal Palace,False,0,1,H,0,1.7944904681105898
2024-2025,88,2024-10-27,Crystal Palace,Tottenham,True,1,0,H,3,0.968060684699072
2024-2025,89,2024-10-27,Man United,West Ham,False,1,2,H,0,1.4980997351145917
2024-2025,89,2024-10-27,West Ham,Man United,True,2,1,H,3,1.2476102729471379
2024-2025,90,2024-10-27,Liverpool,Arsenal,False,2,2,D,1,1.275201612903226
2024-2025,90,2024-10-27,Arsenal,Liverpool,True,2,2,D,1,1.432459677419355
2024-2025,91,2024-11-02,Arsenal,Newcastle,False,0,1,H,0,1.7254901960784315
2024-2025,91,2024-11-02,Newcastle,Arsenal,True,1,0,H,3,1.0196078431372548
2024-2025,92,2024-11-02,Man City,Bournemouth,False,1,2,H,0,2.033316809726317
2024-2025,92,2024-11-02,Bournemouth,Man City,True,2,1,H,3,0.7413968535573587
2024-2025,93,2024-11-02,Leicester,Ipswich,False,1,1,D,1,1.1906614785992216
2024-2025,93,2024-11-02,Ipswich,Leicester,True,1,1,D,1,1.5379377431906613
2024-2025,94,2024-11-02,Brighton,Liverpool,False,1,2,H,0,0.5727272727272728
2024-2025,94,2024-11-02,Liverpool,Brighton,True,2,1,H,3,2.2363636363636363
2024-2025,95,2024-11-02,West Ham,Nott'm Forest,False,0,3,H,0,1.117823078361698
2024-2025,95,2024-11-02,Nott'm Forest,West Ham,True,3,0,H,3,1.6087525715354403
2024-2025,96,2024-11-02,Everton,Southampton,False,0,1,H,0,1.3605514316012723
2024-2025,96,2024-11-02,Southampton,Everton,True,1,0,H,3,1.3605514316012723
2024-2025,97,2024-11-02,Crystal Palace,Wolves,False,2,2,D,1,1.2827553742350544
2024-2025,97,2024-11-02,Wolves,Crystal Palace,True,2,2,D,1,1.4348030754746592
2024-2025,98,2024-11-03,Aston Villa,Tottenham,False,1,4,H,0,1.0304329782819202
2024-2025,98,2024-11-03,Tottenham,Aston Villa,True,4,1,H,3,1.7317747959607137
2024-2025,99,2024-11-03,Chelsea,Man United,False,1,1,D,1,1.3645833333333335
2024-2025,99,2024-11-03,Man United,Chelsea,True,1,1,D,1,1.3645833333333335
2024-2025,100,2024-11-04,Brentford,Fulham,False,1,2,H,0,1.0676416819012797
2024-2025,100,2024-11-04,Fulham,Brentford,True,2,1,H,3,1.6764168190127973
2024-2025,101,2024-11-09,Bournemouth,Brentford,False,2,3,H,0,1.322645290581162
2024-2025,101,2024-11-09,Brentford,Bournemouth,True,3,2,H,3,1.4068136272545089
2024-2025,102,2024-11-09,Fulham,Crystal Palace,False,2,0,A,3,1.394893111638955
2024-2025,102,2024-11-09,Crystal Palace,Fulham,True,0,2,A,0,1.3325415676959618
2024-2025,103,2024-11-09,Everton,West Ham,False,0,0,D,1,1.1168831168831168
2024-2025,103,2024-11-09,West Ham,Everton,True,0,0,D,1,1.603896103896104
2024-2025,104,2024-11-09,Southampton,Wolves,False,0,2,H,0,1.0092470277410832
2024-2025,104,2024-11-09,Wolves,Southampton,True,2,0,H,3,1.7384412153236461
2024-2025,105,2024-11-09,Man City,Brighton,False,1,2,H,0,1.8605085658190565
2024-2025,105,2024-11-09,Brighton,Man City,True,2,1,H,3,0.9148801418664301
2024-2025,106,2024-11-09,Aston Villa,Liverpool,False,0,2,H,0,0.6218264121235977
2024-2025,106,2024-11-09,Liverpool,Aston Villa,True,2,0,H,3,2.1965164337728793
2024-2025,107,2024-11-10,Leicester,Man United,False,0,3,H,0,0.6067673484993308
2024-2025,107,2024-11-10,Man United,Leicester,True,3,0,H,3,2.221754922576945
2024-2025,108,2024-11-10,Newcastle,Nott'm Forest,False,3,1,A,3,1.3548387096774193
2024-2025,108,2024-11-10,Nott'm Forest,Newcastle,True,1,3,A,0,1.3548387096774193
2024-2025,109,2024-11-10,Ipswich,Tottenham,False,2,1,A,3,0.4574638844301766
2024-2025,109,2024-11-10,Tottenham,Ipswich,True,1,2,A,0,2.3980738362760836
2024-2025,110,2024-11-10,Arsenal,Chelsea,False,1,1,D,1,1.3917525773195876
2024-2025,110,2024-11-10,Chelsea,Arsenal,True,1,1,D,1,1.3298969072164946
2024-2025,111,2024-11-23,Chelsea,Leicester,False,2,1,A,3,2.166436537440255
2024-2025,111,2024-11-23,Leicester,Chelsea,True,1,2,A,0,0.6347318109399894
2024-2025,112,2024-11-23,Nott'm Forest,Arsenal,False,0,3,H,0,0.5198055893074118
2024-2025,112,2024-11-23,Arsenal,Nott'm Forest,True,3,0,H,3,2.2789793438639125
2024-2025,113,2024-11-23,Crystal Palace,Aston Villa,False,2,2,D,1,0.7582241240973523
2024-2025,113,2024-11-23,Aston Villa,Crystal Palace,True,2,2,D,1,2.0034768654720514
2024-2025,114,2024-11-23,Brighton,Bournemouth,False,2,1,A,3,1.2830188679245282
2024-2025,114,2024-11-23,Bournemouth,Brighton,True,1,2,A,0,1.4528301886792452
2024-2025,115,2024-11-23,Brentford,Everton,False,0,0,D,1,1.272777821908015
2024-2025,115,2024-11-23,Everton,Brentford,True,0,0,D,1,1.4469775200571928
2024-2025,116,2024-11-23,Wolves,Fulham,False,4,1,A,3,0.7765735723218008
2024-2025,116,2024-11-23,Fulham,Wolves,True,1,4,A,0,1.9870779491454775
2024-2025,117,2024-11-23,Tottenham,Man City,False,4,0,A,3,0.6748480072055842
2024-2025,117,2024-11-23,Man City,Tottenham,True,0,4,A,0,2.1251970276964647
2024-2025,118,2024-11-24,Liverpool,Southampton,False,3,2,A,3,2.4102457925404472
2024-2025,118,2024-11-24,Southampton,Liverpool,True,2,3,A,0,0.4244727735218433
2024-2025,119,2024-11-24,Man United,Ipswich,False,1,1,D,1,1.9870779491454775
2024-2025,119,2024-11-24,Ipswich,Man United,True,1,1,D,1,0.7765735723218008
2024-2025,120,2024-11-25,West Ham,Newcastle,False,2,0,A,3,0.6842105263157894
2024-2025,120,2024-11-25,Newcastle,West Ham,True,0,2,A,0,2.1052631578947367
2024-2025,121,2024-11-29,Southampton,Brighton,False,1,1,D,1,0.5671232876712329
2024-2025,121,2024-11-29,Brighton,Southampton,True,1,1,D,1,2.243835616438356
2024-2025,122,2024-11-30,Leicester,Brentford,False,1,4,H,0,0.8245841434435083
2024-2025,122,2024-11-30,Brentford,Leicester,True,4,1,H,3,1.949665154461007
2024-2025,123,2024-11-30,Newcastle,Crystal Palace,False,1,1,D,1,1.4962583694367861
2024-2025,123,2024-11-30,Crystal Palace,Newcastle,True,1,1,D,1,1.2410397794407246
2024-2025,124,2024-11-30,Ipswich,Nott'm Forest,False,0,1,H,0,0.8425655976676383
2024-2025,124,2024-11-30,Nott'm Forest,Ipswich,True,1,0,H,3,1.9096209912536444
2024-2025,125,2024-11-30,Bournemouth,Wolves,False,4,2,A,3,1.4528301886792452
2024-2025,125,2024-11-30,Wolves,Bournemouth,True,2,4,A,0,1.2830188679245282
2024-2025,126,2024-11-30,Arsenal,West Ham,False,5,2,A,3,2.172288531395952
2024-2025,126,2024-11-30,West Ham,Arsenal,True,2,5,A,0,0.6170212765957446
2024-2025,127,2024-12-01,Aston Villa,Chelsea,False,0,3,H,0,0.8636226186876323
2024-2025,127,2024-12-01,Chelsea,Aston Villa,True,3,0,H,3,1.905049894163895
2024-2025,128,2024-12-01,Everton,Man United,False,0,4,H,0,0.6973974415527128
2024-2025,128,2024-12-01,Man United,Everton,True,4,0,H,3,2.0776356418173796
2024-2025,129,2024-12-01,Fulham,Tottenham,False,1,1,D,1,0.9047475052918053
2024-2025,129,2024-12-01,Tottenham,Fulham,True,1,1,D,1,1.8844874508618084
2024-2025,130,2024-12-01,Man City,Liverpool,False,0,2,H,0,1.1228668941979523
2024-2025,130,2024-12-01,Liverpool,Man City,True,2,0,H,3,1.614334470989761
2024-2025,131,2024-12-03,Crystal Palace,Ipswich,False,1,0,A,3,1.4916798732171157
2024-2025,131,2024-12-03,Ipswich,Crystal Palace,True,0,1,A,0,1.2290015847860538
2024-2025,132,2024-12-03,West Ham,Leicester,False,1,3,H,0,1.4678522571819423
2024-2025,132,2024-12-03,Leicester,West Ham,True,3,1,H,3,1.2544459644322845
2024-2025,133,2024-12-04,Wolves,Everton,False,0,4,H,0,1.090185676392573
2024-2025,133,2024-12-04,Everton,Wolves,True,4,0,H,3,1.631299734748011
2024-2025,134,2024-12-04,Nott'm Forest,Man City,False,0,3,H,0,0.5145646867371847
2024-2025,134,2024-12-04,Man City,Nott'm Forest,True,3,0,H,3,2.2862489829129373
2024-2025,135,2024-12-04,Liverpool,Newcastle,False,3,3,D,1,1.8539325842696628
2024-2025,135,2024-12-04,Newcastle,Liverpool,True,3,3,D,1,0.9101123595505618
2024-2025,136,2024-12-04,Chelsea,Southampton,False,5,1,A,3,2.3076495132127954
2024-2025,136,2024-12-04,Southampton,Chelsea,True,1,5,A,0,0.5126564673157163
2024-2025,137,2024-12-04,Man United,Arsenal,False,0,2,H,0,0.6142322097378277
2024-2025,137,2024-12-04,Arsenal,Man United,True,2,0,H,3,2.1760299625468162
2024-2025,138,2024-12-04,Brentford,Aston Villa,False,1,3,H,0,0.9110667121485307
2024-2025,138,2024-12-04,Aston Villa,Brentford,True,3,1,H,3,1.8357292529603821
2024-2025,139,2024-12-05,Brighton,Fulham,False,1,3,H,0,1.2559774964838253
2024-2025,139,2024-12-05,Fulham,Brighton,True,3,1,H,3,1.4796061884669478
2024-2025,140,2024-12-05,Tottenham,Bournemouth,False,0,1,H,0,1.4133406554611958
2024-2025,140,2024-12-05,Bournemouth,Tottenham,True,1,0,H,3,1.3339086433796852
2024-2025,141,2024-12-07,Southampton,Aston Villa,False,0,1,H,0,0.575855855855856
2024-2025,141,2024-12-07,Aston Villa,Southampton,True,1,0,H,3,2.2526126126126127
2024-2025,142,2024-12-07,Newcastle,Brentford,False,2,4,H,0,1.4980997351145917
2024-2025,142,2024-12-07,Brentford,Newcastle,True,4,2,H,3,1.2476102729471379
2024-2025,143,2024-12-07,Man City,Crystal Palace,False,2,2,D,1,2.033316809726317
2024-2025,143,2024-12-07,Crystal Palace,Man City,True,2,2,D,1,0.7413968535573587
2024-2025,144,2024-12-07,Nott'm Forest,Man United,False,3,2,A,3,0.7862112586970271
2024-2025,144,2024-12-07,Man United,Nott'm Forest,True,2,3,A,0,1.9702719797596457
2024-2025,145,2024-12-08,Arsenal,Fulham,False,1,1,D,1,1.9943681994641589
2024-2025,145,2024-12-08,Fulham,Arsenal,True,1,1,D,1,0.7869211001148231
2024-2025,146,2024-12-08,Bournemouth,Ipswich,False,2,1,A,3,1.678733031674208
2024-2025,146,2024-12-08,Ipswich,Bournemouth,True,1,2,A,0,1.0678733031674208
2024-2025,147,2024-12-08,Brighton,Leicester,False,2,2,D,1,1.8781588734543377
2024-2025,147,2024-12-08,Leicester,Brighton,True,2,2,D,1,0.8743761721605899
2024-2025,148,2024-12-08,Chelsea,Tottenham,False,4,3,A,3,1.6719310839913855
2024-2025,148,2024-12-08,Tottenham,Chelsea,True,3,4,A,0,1.0839913854989232
2024-2025,149,2024-12-09,Wolves,West Ham,False,1,2,H,0,1.006687242798354
2024-2025,149,2024-12-09,West Ham,Wolves,True,2,1,H,3,1.748971193415638
2024-2025,150,2024-12-14,Everton,Arsenal,False,0,0,D,1,0.382121905140698
2024-2025,150,2024-12-14,Arsenal,Everton,True,0,0,D,1,2.472307845281893
2024-2025,151,2024-12-14,Fulham,Liverpool,False,2,2,D,1,0.5259462513114357
2024-2025,151,2024-12-14,Liverpool,Fulham,True,2,2,D,1,2.3023161972399317
2024-2025,152,2024-12-14,Leicester,Newcastle,False,0,4,H,0,0.49319971367215465
2024-2025,152,2024-12-14,Newcastle,Leicester,True,4,0,H,3,2.3486041517537584
2024-2025,153,2024-12-14,Ipswich,Wolves,False,2,1,A,3,1.0
2024-2025,153,2024-12-14,Wolves,Ipswich,True,1,2,A,0,1.75
2024-2025,154,2024-12-14,Aston Villa,Nott'm Forest,False,1,2,H,0,1.3421628189550423
2024-2025,154,2024-12-14,Nott'm Forest,Aston Villa,True,2,1,H,3,1.3702308626974482
2024-2025,155,2024-12-15,Crystal Palace,Brighton,False,3,1,A,3,0.9738517116807157
2024-2025,155,2024-12-15,Brighton,Crystal Palace,True,1,3,A,0,1.7779115774987095
2024-2025,156,2024-12-15,Man United,Man City,False,2,1,A,3,0.7762929306427904
2024-2025,156,2024-12-15,Man City,Man United,True,1,2,A,0,2.0138981691834825
2024-2025,157,2024-12-15,Brentford,Chelsea,False,1,2,H,0,0.538718131999047
2024-2025,157,2024-12-15,Chelsea,Brentford,True,2,1,H,3,2.3028353585894683
2024-2025,158,2024-12-15,Tottenham,Southampton,False,5,0,A,3,1.9189012330892083
2024-2025,158,2024-12-15,Southampton,Tottenham,True,0,5,A,0,0.8698551901633309
2024-2025,159,2024-12-16,West Ham,Bournemouth,False,1,1,D,1,0.8405904059040591
2024-2025,159,2024-12-16,Bournemouth,West Ham,True,1,1,D,1,1.9210332103321037
2024-2025,160,2024-12-21,Man City,Aston Villa,False,1,2,H,0,1.6115702479338845
2024-2025,160,2024-12-21,Aston Villa,Man City,True,2,1,H,3,1.1320435762584524
2024-2025,161,2024-12-21,Nott'm Forest,Brentford,False,2,0,A,3,1.2410397794407246
2024-2025,161,2024-12-21,Brentford,Nott'm Forest,True,0,2,A,0,1.4962583694367861
2024-2025,162,2024-12-21,Newcastle,Ipswich,False,4,0,A,3,1.8960559698623816
2024-2025,162,2024-12-21,Ipswich,Newcastle,True,0,4,A,0,0.8512339509494886
2024-2025,163,2024-12-21,Brighton,West Ham,False,1,1,D,1,1.483058310042498
2024-2025,163,2024-12-21,West Ham,Brighton,True,1,1,D,1,1.2578199777939432
2024-2025,164,2024-12-21,Arsenal,Crystal Palace,False,5,1,A,3,2.0834560339242594
2024-2025,164,2024-12-21,Crystal Palace,Arsenal,True,1,5,A,0,0.6883208669532952
2024-2025,165,2024-12-22,Chelsea,Everton,False,0,0,D,1,1.9802807486631018
2024-2025,165,2024-12-22,Everton,Chelsea,True,0,0,D,1,0.7941176470588236
2024-2025,166,2024-12-22,Southampton,Fulham,False,0,0,D,1,0.6042855712426154
2024-2025,166,2024-12-22,Fulham,Southampton,True,0,0,D,1,2.1966556523480523
2024-2025,167,2024-12-22,Wolves,Leicester,False,3,0,A,3,1.3298969072164946
2024-2025,167,2024-12-22,Leicester,Wolves,True,0,3,A,0,1.3917525773195876
2024-2025,168,2024-12-22,Bournemouth,Man United,False,3,0,A,3,0.9249011857707509
2024-2025,168,2024-12-22,Man United,Bournemouth,True,0,3,A,0,1.8260869565217392
2024-2025,169,2024-12-22,Liverpool,Tottenham,False,6,3,A,3,1.8891606787952913
2024-2025,169,2024-12-22,Tottenham,Liverpool,True,3,6,A,0,0.8728023238036997
2024-2025,170,2024-12-26,Everton,Man City,False,1,1,D,1,0.5452681926887598
2024-2025,170,2024-12-26,Man City,Everton,True,1,1,D,1,2.2843354970960026
2024-2025,171,2024-12-26,Crystal Palace,Bournemouth,False,0,0,D,1,1.0
2024-2025,171,2024-12-26,Bournemouth,Crystal Palace,True,0,0,D,1,1.75
2024-2025,172,2024-12-26,Fulham,Chelsea,False,2,1,A,3,0.6748480072055842
2024-2025,172,2024-12-26,Chelsea,Fulham,True,1,2,A,0,2.1251970276964647
2024-2025,173,2024-12-26,Aston Villa,Newcastle,False,0,3,H,0,1.0092778291275004
2024-2025,173,2024-12-26,Newcastle,Aston Villa,True,3,0,H,3,1.74090092603896
2024-2025,174,2024-12-26,Tottenham,Nott'm Forest,False,0,1,H,0,1.2476102729471379
2024-2025,174,2024-12-26,Nott'm Forest,Tottenham,True,1,0,H,3,1.4980997351145917
2024-2025,175,2024-12-26,West Ham,Southampton,False,1,0,A,3,1.5738798856053384
2024-2025,175,2024-12-26,Southampton,West Ham,True,0,1,A,0,1.1534795042897998
2024-2025,176,2024-12-26,Man United,Wolves,False,0,2,H,0,1.7528846818213224
2024-2025,176,2024-12-26,Wolves,Man United,True,2,0,H,3,0.9897740620465695
2024-2025,177,2024-12-26,Leicester,Liverpool,False,1,3,H,0,0.20305927342256216
2024-2025,177,2024-12-26,Liverpool,Leicester,True,3,1,H,3,2.7177820267686426
2024-2025,178,2024-12-27,Brentford,Brighton,False,0,0,D,1,0.8146588013187026
2024-2025,178,2024-12-27,Brighton,Brentford,True,0,0,D,1,1.9672110235818705
2024-2025,179,2024-12-27,Ipswich,Arsenal,False,0,1,H,0,0.29490022172949
2024-2025,179,2024-12-27,Arsenal,Ipswich,True,1,0,H,3,2.5997782705099777
2024-2025,180,2024-12-29,Man City,Leicester,False,2,0,A,3,2.273035805192601
2024-2025,180,2024-12-29,Leicester,Man City,True,0,2,A,0,0.553877481758018
2024-2025,181,2024-12-29,Southampton,Crystal Palace,False,1,2,H,0,0.7458020326999558
2024-2025,181,2024-12-29,Crystal Palace,Southampton,True,2,1,H,3,2.015714759169244
2024-2025,182,2024-12-29,Nott'm Forest,Everton,False,2,0,A,3,1.3127035830618892
2024-2025,182,2024-12-29,Everton,Nott'm Forest,True,0,2,A,0,1.3908794788273613
2024-2025,183,2024-12-29,Bournemouth,Fulham,False,2,2,D,1,1.2450142450142447
2024-2025,183,2024-12-29,Fulham,Bournemouth,True,2,2,D,1,1.492877492877493
2024-2025,184,2024-12-29,Wolves,Tottenham,False,2,2,D,1,0.8600223964165733
2024-2025,184,2024-12-29,Tottenham,Wolves,True,2,2,D,1,1.9518477043673013
2024-2025,185,2024-12-29,Liverpool,West Ham,False,5,0,A,3,2.2162162162162162
2024-2025,185,2024-12-29,West Ham,Liverpool,True,0,5,A,0,0.5945945945945945
2024-2025,186,2024-12-30,Brighton,Aston Villa,False,2,2,D,1,1.0273972602739725
2024-2025,186,2024-12-30,Aston Villa,Brighton,True,2,2,D,1,1.7260273972602735
2024-2025,187,2024-12-30,Chelsea,Ipswich,False,0,2,H,0,2.174066168623266
2024-2025,187,2024-12-30,Ipswich,Chelsea,True,2,0,H,3,0.6289220917822839
2024-2025,188,2024-12-30,Newcastle,Man United,False,2,0,A,3,1.403911980440098
2024-2025,188,2024-12-30,Man United,Newcastle,True,0,2,A,0,1.321760391198044
2024-2025,189,2025-01-01,Arsenal,Brentford,False,3,1,A,3,2.166436537440255
2024-2025,189,2025-01-01,Brentford,Arsenal,True,1,3,A,0,0.6347318109399894
2024-2025,190,2025-01-04,Newcastle,Tottenham,False,2,1,A,3,1.5135135135135134
2024-2025,190,2025-01-04,Tottenham,Newcastle,True,1,2,A,0,1.237006237006237
2024-2025,191,2025-01-04,Leicester,Aston Villa,False,1,2,H,0,0.508643108459538
2024-2025,191,2025-01-04,Aston Villa,Leicester,True,2,1,H,3,2.318418234664219
2024-2025,192,2025-01-04,Everton,Bournemouth,False,0,1,H,0,0.8512339509494886
2024-2025,192,2025-01-04,Bournemouth,Everton,True,1,0,H,3,1.8960559698623816
2024-2025,193,2025-01-04,Chelsea,Crystal Palace,False,1,1,D,1,1.744231875970074
2024-2025,193,2025-01-04,Crystal Palace,Chelsea,True,1,1,D,1,1.0026159292652725
2024-2025,194,2025-01-04,West Ham,Man City,False,1,4,H,0,0.5270270270270271
2024-2025,194,2025-01-04,Man City,West Ham,True,4,1,H,3,2.322393822393822
2024-2025,195,2025-01-04,Brentford,Southampton,False,5,0,A,3,1.4788732394366197
2024-2025,195,2025-01-04,Southampton,Brentford,True,0,5,A,0,1.2394366197183098
2024-2025,196,2025-01-04,Arsenal,Brighton,False,1,1,D,1,1.8357292529603821
2024-2025,196,2025-01-04,Brighton,Arsenal,True,1,1,D,1,0.9110667121485307
2024-2025,197,2025-01-05,Ipswich,Fulham,False,2,2,D,1,0.7187440773264263
2024-2025,197,2025-01-05,Fulham,Ipswich,True,2,2,D,1,2.056036388906438
2024-2025,198,2025-01-05,Man United,Liverpool,False,2,2,D,1,0.5046247212371586
2024-2025,198,2025-01-05,Liverpool,Man United,True,2,2,D,1,2.3444594742807006
2024-2025,199,2025-01-06,Nott'm Forest,Wolves,False,3,0,A,3,1.5393963151705217
2024-2025,199,2025-01-06,Wolves,Nott'm Forest,True,0,3,A,0,1.1630733045864368
2024-2025,200,2025-01-14,Man City,Brentford,False,2,2,D,1,1.960724549333798
2024-2025,200,2025-01-14,Brentford,Man City,True,2,2,D,1,0.8159017678307063
2024-2025,201,2025-01-14,Bournemouth,Chelsea,False,2,2,D,1,0.6748480072055842
2024-2025,201,2025-01-14,Chelsea,Bournemouth,True,2,2,D,1,2.1251970276964647
2024-2025,202,2025-01-14,Fulham,West Ham,False,2,3,H,0,1.4839572192513368
2024-2025,202,2025-01-14,West Ham,Fulham,True,3,2,H,3,1.2352941176470587
2024-2025,203,2025-01-14,Liverpool,Nott'm Forest,False,1,1,D,1,1.9928010471204187
2024-2025,203,2025-01-14,Nott'm Forest,Liverpool,True,1,1,D,1,0.7752781413612566
2024-2025,204,2025-01-15,Aston Villa,Everton,False,1,0,A,3,1.532593619972261
2024-2025,204,2025-01-15,Everton,Aston Villa,True,0,1,A,0,1.1711908064196552
2024-2025,205,2025-01-15,Crystal Palace,Leicester,False,2,0,A,3,1.747540983606557
2024-2025,205,2025-01-15,Leicester,Crystal Palace,True,0,2,A,0,0.9898466419883658
2024-2025,206,2025-01-15,Wolves,Newcastle,False,0,3,H,0,0.5343168697883258
2024-2025,206,2025-01-15,Newcastle,Wolves,True,3,0,H,3,2.2912123155869146
2024-2025,207,2025-01-15,Tottenham,Arsenal,False,1,2,H,0,0.5909090909090908
2024-2025,207,2025-01-15,Arsenal,Tottenham,True,2,1,H,3,2.227272727272727
2024-2025,208,2025-01-16,Brighton,Ipswich,False,2,0,A,3,1.7528846818213224
2024-2025,208,2025-01-16,Ipswich,Brighton,True,0,2,A,0,0.9897740620465695
2024-2025,209,2025-01-16,Southampton,Man United,False,1,3,H,0,0.460744204169102
2024-2025,209,2025-01-16,Man United,Southampton,True,3,1,H,3,2.380089616208845
2024-2025,210,2025-01-18,Bournemouth,Newcastle,False,4,1,A,3,0.7941176470588236
2024-2025,210,2025-01-18,Newcastle,Bournemouth,True,1,4,A,0,1.9802807486631018
2024-2025,211,2025-01-18,Liverpool,Brentford,False,2,0,A,3,2.185746467335654
2024-2025,211,2025-01-18,Brentford,Liverpool,True,0,2,A,0,0.6252303911529797
2024-2025,212,2025-01-18,Fulham,Leicester,False,2,0,A,3,1.832879409351928
2024-2025,212,2025-01-18,Leicester,Fulham,True,0,2,A,0,0.9113699753896636
2024-2025,213,2025-01-18,Crystal Palace,West Ham,False,2,0,A,3,1.3577536491269937
2024-2025,213,2025-01-18,West Ham,Crystal Palace,True,0,2,A,0,1.3702819870341645
2024-2025,214,2025-01-18,Aston Villa,Arsenal,False,2,2,D,1,0.6383682469680265
2024-2025,214,2025-01-18,Arsenal,Aston Villa,True,2,2,D,1,2.130099228224917
2024-2025,215,2025-01-19,Tottenham,Everton,False,2,3,H,0,1.436893203883495
2024-2025,215,2025-01-19,Everton,Tottenham,True,3,2,H,3,1.29126213592233
2024-2025,216,2025-01-19,Brighton,Man United,False,3,1,A,3,1.1228668941979523
2024-2025,216,2025-01-19,Man United,Brighton,True,1,3,A,0,1.614334470989761
2024-2025,217,2025-01-19,Southampton,Nott'm Forest,False,2,3,H,0,0.5522978685133555
2024-2025,217,2025-01-19,Nott'm Forest,Southampton,True,3,2,H,3,2.249123122582966
2024-2025,218,2025-01-19,Man City,Ipswich,False,6,0,A,3,2.262628934144406
2024-2025,218,2025-01-19,Ipswich,Man City,True,0,6,A,0,0.5575244644274003
2024-2025,219,2025-01-20,Wolves,Chelsea,False,1,3,H,0,0.5977607106505045
2024-2025,219,2025-01-20,Chelsea,Wolves,True,3,1,H,3,2.238641621171463
2024-2025,220,2025-01-25,Nott'm Forest,Bournemouth,False,0,5,H,0,1.0954486825133591
2024-2025,220,2025-01-25,Bournemouth,Nott'm Forest,True,5,0,H,3,1.6476874884835084
2024-2025,221,2025-01-25,Everton,Brighton,False,1,0,A,3,0.7754522142906646
2024-2025,221,2025-01-25,Brighton,Everton,True,0,1,A,0,1.9699216854944905
2024-2025,222,2025-01-25,Ipswich,Liverpool,False,1,4,H,0,0.2633390705679863
2024-2025,222,2025-01-25,Liverpool,Ipswich,True,4,1,H,3,2.6592082616179002
2024-2025,223,2025-01-25,Newcastle,Southampton,False,3,1,A,3,2.1965164337728793
2024-2025,223,2025-01-25,Southampton,Newcastle,True,1,3,A,0,0.6218264121235977
2024-2025,224,2025-01-25,Arsenal,Wolves,False,1,0,A,3,2.172288531395952
2024-2025,224,2025-01-25,Wolves,Arsenal,True,0,1,A,0,0.6170212765957446
2024-2025,225,2025-01-25,Chelsea,Man City,False,1,3,H,0,1.113616190307119
2024-2025,225,2025-01-25,Man City,Chelsea,True,3,1,H,3,1.6461920823717382
2024-2025,226,2025-01-26,Brentford,Crystal Palace,False,2,1,A,3,1.1118255521386635
2024-2025,226,2025-01-26,Crystal Palace,Brentford,True,1,2,A,0,1.6360078277886498
2024-2025,227,2025-01-26,Leicester,Tottenham,False,2,1,A,3,0.6904761904761904
2024-2025,227,2025-01-26,Tottenham,Leicester,True,1,2,A,0,2.1369047619047614
2024-2025,228,2025-01-26,West Ham,Aston Villa,False,1,1,D,1,0.7111178351136783
2024-2025,228,2025-01-26,Aston Villa,West Ham,True,1,1,D,1,2.07068965944856
2024-2025,229,2025-01-26,Man United,Fulham,False,1,0,A,3,1.2000784621420166
2024-2025,229,2025-01-26,Fulham,Man United,True,0,1,A,0,1.520204001569243
2024-2025,230,2025-02-01,Brighton,Nott'm Forest,False,0,7,H,0,1.2766798418972332
2024-2025,230,2025-02-01,Nott'm Forest,Brighton,True,7,0,H,3,1.4545454545454546
2024-2025,231,2025-02-01,Liverpool,Bournemouth,False,2,0,A,3,1.9271948608137046
2024-2025,231,2025-02-01,Bournemouth,Liverpool,True,0,2,A,0,0.8532679347143387
2024-2025,232,2025-02-01,Leicester,Everton,False,0,4,H,0,0.880239520958084
2024-2025,232,2025-02-01,Everton,Leicester,True,4,0,H,3,1.8682634730538923
2024-2025,233,2025-02-01,Southampton,Ipswich,False,2,1,A,3,1.0128068303094984
2024-2025,233,2025-02-01,Ipswich,Southampton,True,1,2,A,0,1.72358591248666
2024-2025,234,2025-02-01,Fulham,Newcastle,False,2,1,A,3,0.8405904059040591
2024-2025,234,2025-02-01,Newcastle,Fulham,True,1,2,A,0,1.9210332103321037
2024-2025,235,2025-02-01,Aston Villa,Wolves,False,0,2,H,0,1.6143344709897607
2024-2025,235,2025-02-01,Wolves,Aston Villa,True,2,0,H,3,1.122866894197952
2024-2025,236,2025-02-02,Tottenham,Brentford,False,2,0,A,3,1.1423877327491785
2024-2025,236,2025-02-02,Brentford,Tottenham,True,0,2,A,0,1.6122672508214677
2024-2025,237,2025-02-02,Crystal Palace,Man United,False,2,0,A,3,1.025089605734767
2024-2025,237,2025-02-02,Man United,Crystal Palace,True,0,2,A,0,1.7025089605734767
2024-2025,238,2025-02-02,Man City,Arsenal,False,1,5,H,0,0.9877729257641921
2024-2025,238,2025-02-02,Arsenal,Man City,True,5,1,H,3,1.7397379912663755
2024-2025,239,2025-02-03,West Ham,Chelsea,False,1,2,H,0,0.5468015901698591
2024-2025,239,2025-02-03,Chelsea,West Ham,True,2,1,H,3,2.2565955908926636
2024-2025,240,2025-02-12,Liverpool,Everton,False,2,2,D,1,2.1957671957671963
2024-2025,240,2025-02-12,Everton,Liverpool,True,2,2,D,1,0.5925925925925927
2024-2025,241,2025-02-14,Chelsea,Brighton,False,0,3,H,0,1.4221824686940967
2024-2025,241,2025-02-14,Brighton,Chelsea,True,3,0,H,3,1.3148479427549193
2024-2025,242,2025-02-15,Arsenal,Leicester,False,2,0,A,3,2.2960052931932844
2024-2025,242,2025-02-15,Leicester,Arsenal,True,0,2,A,0,0.516996112811182
2024-2025,243,2025-02-15,Ipswich,Aston Villa,False,1,1,D,1,0.5985915492957746
2024-2025,243,2025-02-15,Aston Villa,Ipswich,True,1,1,D,1,2.2042253521126765
2024-2025,244,2025-02-15,Nott'm Forest,Fulham,False,1,2,H,0,1.1440677966101696
2024-2025,244,2025-02-15,Fulham,Nott'm Forest,True,2,1,H,3,1.5762711864406778
2024-2025,245,2025-02-15,Newcastle,Man City,False,0,4,H,0,1.0884676145339653
2024-2025,245,2025-02-15,Man City,Newcastle,True,4,0,H,3,1.6856240126382311
2024-2025,246,2025-02-15,Bournemouth,Southampton,False,3,1,A,3,2.105263157894737
2024-2025,246,2025-02-15,Southampton,Bournemouth,True,1,3,A,0,0.6842105263157895
2024-2025,247,2025-02-15,Brentford,West Ham,False,1,0,A,3,1.2559774964838253
2024-2025,247,2025-02-15,West Ham,Brentford,True,0,1,A,0,1.4796061884669478
2024-2025,248,2025-02-15,Everton,Crystal Palace,False,2,1,A,3,0.8518057285180574
2024-2025,248,2025-02-15,Crystal Palace,Everton,True,1,2,A,0,1.8679950186799503
2024-2025,249,2025-02-16,Wolves,Liverpool,False,1,2,H,0,0.34789915966386553
2024-2025,249,2025-02-16,Liverpool,Wolves,True,2,1,H,3,2.536134453781513
2024-2025,250,2025-02-16,Man United,Tottenham,False,0,1,H,0,1.3361972357116174
2024-2025,250,2025-02-16,Tottenham,Man United,True,1,0,H,3,1.4113992489629004
2024-2025,251,2025-02-19,Liverpool,Aston Villa,False,2,2,D,1,1.7944904681105898
2024-2025,251,2025-02-19,Aston Villa,Liverpool,True,2,2,D,1,0.968060684699072
2024-2025,252,2025-02-21,Brentford,Leicester,False,4,0,A,3,1.7227295606529083
2024-2025,252,2025-02-21,Leicester,Brentford,True,0,4,A,0,1.0300568059250734
2024-2025,253,2025-02-22,Man United,Everton,False,2,2,D,1,1.273950264981655
2024-2025,253,2025-02-22,Everton,Man United,True,2,2,D,1,1.4304932735426008
2024-2025,254,2025-02-22,West Ham,Arsenal,False,1,0,A,3,0.4427290836653387
2024-2025,254,2025-02-22,Arsenal,West Ham,True,0,1,A,0,2.3991533864541834
2024-2025,255,2025-02-22,Wolves,Bournemouth,False,1,0,A,3,0.7258426966292134
2024-2025,255,2025-02-22,Bournemouth,Wolves,True,0,1,A,0,2.0640449438202246
2024-2025,256,2025-02-22,Crystal Palace,Fulham,False,2,0,A,3,1.0501197715128063
2024-2025,256,2025-02-22,Fulham,Crystal Palace,True,0,2,A,0,1.6703519439837848
2024-2025,257,2025-02-22,Tottenham,Ipswich,False,4,1,A,3,1.7716910513780193
2024-2025,257,2025-02-22,Ipswich,Tottenham,True,1,4,A,0,0.9632528070772371
2024-2025,258,2025-02-22,Brighton,Southampton,False,4,0,A,3,2.064339833561048
2024-2025,258,2025-02-22,Southampton,Brighton,True,0,4,A,0,0.7046329648490871
2024-2025,259,2025-02-22,Chelsea,Aston Villa,False,1,2,H,0,1.3673436230706744
2024-2025,259,2025-02-22,Aston Villa,Chelsea,True,2,1,H,3,1.3549147034930953
2024-2025,260,2025-02-23,Nott'm Forest,Newcastle,False,3,4,H,0,0.9249011857707509
2024-2025,260,2025-02-23,Newcastle,Nott'm Forest,True,4,3,H,3,1.8260869565217392
2024-2025,261,2025-02-23,Liverpool,Man City,False,2,0,A,3,1.5135135135135134
2024-2025,261,2025-02-23,Man City,Liverpool,True,0,2,A,0,1.237006237006237
2024-2025,262,2025-02-25,Bournemouth,Brighton,False,1,2,H,0,1.099476439790576
2024-2025,262,2025-02-25,Brighton,Bournemouth,True,2,1,H,3,1.6537023186237847
2024-2025,263,2025-02-25,Aston Villa,Crystal Palace,False,1,4,H,0,1.2889518413597734
2024-2025,263,2025-02-25,Crystal Palace,Aston Villa,True,4,1,H,3,1.43342776203966
2024-2025,264,2025-02-25,Fulham,Wolves,False,2,1,A,3,1.3575297941495126
2024-2025,264,2025-02-25,Wolves,Fulham,True,1,2,A,0,1.3575297941495126
2024-2025,265,2025-02-25,Southampton,Chelsea,False,0,4,H,0,0.3367037411526794
2024-2025,265,2025-02-25,Chelsea,Southampton,True,4,0,H,3,2.5449949443882716
2024-2025,266,2025-02-26,Everton,Brentford,False,1,1,D,1,1.0676416819012797
2024-2025,266,2025-02-26,Brentford,Everton,True,1,1,D,1,1.6764168190127973
2024-2025,267,2025-02-26,Ipswich,Man United,False,2,3,H,0,0.6953397040557713
2024-2025,267,2025-02-26,Man United,Ipswich,True,3,2,H,3,2.084963706985059
2024-2025,268,2025-02-26,Arsenal,Nott'm Forest,False,0,0,D,1,1.7346938775510203
2024-2025,268,2025-02-26,Nott'm Forest,Arsenal,True,0,0,D,1,0.9999999999999999
2024-2025,269,2025-02-26,Man City,Tottenham,False,1,0,A,3,1.6545454545454545
2024-2025,269,2025-02-26,Tottenham,Man City,True,0,1,A,0,1.1090909090909091
2024-2025,270,2025-02-26,Newcastle,Liverpool,False,0,2,H,0,0.7000000000000001
2024-2025,270,2025-02-26,Liverpool,Newcastle,True,2,0,H,3,2.090909090909091
2024-2025,271,2025-02-27,Leicester,West Ham,False,0,2,H,0,0.7941176470588236
2024-2025,271,2025-02-27,West Ham,Leicester,True,2,0,H,3,1.9802807486631018
2024-2025,272,2025-03-08,Man City,Nott'm Forest,False,0,1,H,0,1.786109927567107
2024-2025,272,2025-03-08,Nott'm Forest,Man City,True,1,0,H,3,0.9616531742650194
2024-2025,273,2025-03-08,Fulham,Brighton,False,1,2,H,0,1.0194017784963623
2024-2025,273,2025-03-08,Brighton,Fulham,True,2,1,H,3,1.7178658043654003
2024-2025,274,2025-03-08,Ipswich,Crystal Palace,False,0,1,H,0,0.6513284031772117
2024-2025,274,2025-03-08,Crystal Palace,Ipswich,True,1,0,H,3,2.1500958641468095
2024-2025,275,2025-03-08,Southampton,Liverpool,False,1,3,H,0,0.2507433102081269
2024-2025,275,2025-03-08,Liverpool,Southampton,True,3,1,H,3,2.6456888007928647
2024-2025,276,2025-03-08,Aston Villa,Brentford,False,1,0,A,3,1.2212732919254659
2024-2025,276,2025-03-08,Brentford,Aston Villa,True,0,1,A,0,1.531055900621118
2024-2025,277,2025-03-08,Everton,Wolves,False,1,1,D,1,1.2938388625592419
2024-2025,277,2025-03-08,Wolves,Everton,True,1,1,D,1,1.4002287955548294
2024-2025,278,2025-03-09,Leicester,Chelsea,False,0,1,H,0,0.35518394648829427
2024-2025,278,2025-03-09,Chelsea,Leicester,True,1,0,H,3,2.5264214046822744
2024-2025,279,2025-03-09,Bournemouth,Tottenham,False,2,2,D,1,1.4567972350230414
2024-2025,279,2025-03-09,Tottenham,Bournemouth,True,2,2,D,1,1.2995391705069124
2024-2025,280,2025-03-09,Arsenal,Man United,False,1,1,D,1,1.9567642956764297
2024-2025,280,2025-03-09,Man United,Arsenal,True,1,1,D,1,0.7705718270571827
2024-2025,281,2025-03-10,Newcastle,West Ham,False,1,0,A,3,1.569314641744548
2024-2025,281,2025-03-10,West Ham,Newcastle,True,0,1,A,0,1.152258566978193
2024-2025,282,2025-03-15,West Ham,Everton,False,1,1,D,1,1.0236730164601444
2024-2025,282,2025-03-15,Everton,West Ham,True,1,1,D,1,1.6805992232291476
2024-2025,283,2025-03-15,Nott'm Forest,Ipswich,False,4,2,A,3,1.69683257918552
2024-2025,283,2025-03-15,Ipswich,Nott'm Forest,True,2,4,A,0,1.0316742081447963
2024-2025,284,2025-03-15,Brighton,Man City,False,2,2,D,1,0.8532679347143387
2024-2025,284,2025-03-15,Man City,Brighton,True,2,2,D,1,1.9271948608137046
2024-2025,285,2025-03-15,Wolves,Southampton,False,2,1,A,3,1.6855862584017922
2024-2025,285,2025-03-15,Southampton,Wolves,True,1,2,A,0,1.0380881254667662
2024-2025,286,2025-03-15,Brentford,Bournemouth,False,2,1,A,3,0.9033942558746736
2024-2025,286,2025-03-15,Bournemouth,Brentford,True,1,2,A,0,1.8707571801566583
2024-2025,287,2025-03-16,Chelsea,Arsenal,False,0,1,H,0,0.894736842105263
2024-2025,287,2025-03-16,Arsenal,Chelsea,True,1,0,H,3,1.8421052631578947
2024-2025,288,2025-03-16,Tottenham,Fulham,False,0,2,H,0,1.0531914893617023
2024-2025,288,2025-03-16,Fulham,Tottenham,True,2,0,H,3,1.691489361702128
2024-2025,289,2025-03-16,Man United,Leicester,False,3,0,A,3,1.825765054294176
2024-2025,289,2025-03-16,Leicester,Man United,True,0,3,A,0,0.9032576505429417
2024-2025,290,2025-04-01,Fulham,Arsenal,False,1,2,H,0,0.6284240755845568
2024-2025,290,2025-04-01,Arsenal,Fulham,True,2,1,H,3,2.151517468733007
2024-2025,291,2025-04-01,West Ham,Wolves,False,0,1,H,0,1.273950264981655
2024-2025,291,2025-04-01,Wolves,West Ham,True,1,0,H,3,1.4304932735426008
2024-2025,292,2025-04-01,Man United,Nott'm Forest,False,0,1,H,0,1.2000784621420166
2024-2025,292,2025-04-01,Nott'm Forest,Man United,True,1,0,H,3,1.520204001569243
2024-2025,293,2025-04-02,Ipswich,Bournemouth,False,2,1,A,3,0.5575244644274002
2024-2025,293,2025-04-02,Bournemouth,Ipswich,True,1,2,A,0,2.262628934144406
2024-2025,294,2025-04-02,Aston Villa,Brighton,False,3,0,A,3,1.1205111463482882
2024-2025,294,2025-04-02,Brighton,Aston Villa,True,0,3,A,0,1.630911295588098
2024-2025,295,2025-04-02,Leicester,Man City,False,0,2,H,0,0.4015748031496063
2024-2025,295,2025-04-02,Man City,Leicester,True,2,0,H,3,2.4803149606299213
2024-2025,296,2025-04-02,Brentford,Newcastle,False,1,2,H,0,0.9256994343372572
2024-2025,296,2025-04-02,Newcastle,Brentford,True,2,1,H,3,1.8627121235285125
2024-2025,297,2025-04-02,Crystal Palace,Southampton,False,1,1,D,1,2.005975188231827
2024-2025,297,2025-04-02,Southampton,Crystal Palace,True,1,1,D,1,0.744433428900619
2024-2025,298,2025-04-02,Everton,Liverpool,False,0,1,H,0,0.5423023578363384
2024-2025,298,2025-04-02,Liverpool,Everton,True,1,0,H,3,2.2690707350901524
2024-2025,299,2025-04-03,Tottenham,Chelsea,False,0,1,H,0,0.846153846153846
2024-2025,299,2025-04-03,Chelsea,Tottenham,True,1,0,H,3,1.942307692307692
2024-2025,300,2025-04-05,Arsenal,Everton,False,1,1,D,1,1.8904109589041098
2024-2025,300,2025-04-05,Everton,Arsenal,True,1,1,D,1,0.821917808219178
2024-2025,301,2025-04-05,Brighton,Crystal Palace,False,1,2,H,0,1.2722929936305731
2024-2025,301,2025-04-05,Crystal Palace,Brighton,True,2,1,H,3,1.465764331210191
2024-2025,302,2025-04-05,Wolves,Ipswich,False,2,1,A,3,1.3685999140172376
2024-2025,302,2025-04-05,Ipswich,Wolves,True,1,2,A,0,1.3406555162036562
2024-2025,303,2025-04-05,Bournemouth,West Ham,False,2,2,D,1,1.5088408644400786
2024-2025,303,2025-04-05,West Ham,Bournemouth,True,2,2,D,1,1.2200392927308445
2024-2025,304,2025-04-05,Nott'm Forest,Aston Villa,False,1,2,H,0,1.0261295590636907
2024-2025,304,2025-04-05,Aston Villa,Nott'm Forest,True,2,1,H,3,1.7120304844855745
2024-2025,305,2025-04-06,Chelsea,Brentford,False,0,0,D,1,1.58530986993114
2024-2025,305,2025-04-06,Brentford,Chelsea,True,0,0,D,1,1.1514919663351186
2024-2025,306,2025-04-06,Liverpool,Fulham,False,2,3,H,0,1.825765054294176
2024-2025,306,2025-04-06,Fulham,Liverpool,True,3,2,H,3,0.9032576505429417
2024-2025,307,2025-04-06,Southampton,Tottenham,False,1,3,H,0,0.6067673484993308
2024-2025,307,2025-04-06,Tottenham,Southampton,True,3,1,H,3,2.221754922576945
2024-2025,308,2025-04-06,Man City,Man United,False,0,0,D,1,1.6280623608017821
2024-2025,308,2025-04-06,Man United,Man City,True,0,0,D,1,1.1069042316258355
2024-2025,309,2025-04-07,Newcastle,Leicester,False,3,0,A,3,2.121661721068249
2024-2025,309,2025-04-07,Leicester,Newcastle,True,0,3,A,0,0.655322700296736
2024-2025,310,2025-04-12,Crystal Palace,Man City,False,2,5,H,0,0.6966618287373004
2024-2025,310,2025-04-12,Man City,Crystal Palace,True,5,2,H,3,2.1030478955007257
2024-2025,311,2025-04-12,Leicester,Brighton,False,2,2,D,1,0.4479166666666667
2024-2025,311,2025-04-12,Brighton,Leicester,True,2,2,D,1,2.392113095238095
2024-2025,312,2025-04-12,Everton,Nott'm Forest,False,1,0,A,3,1.0613154960981048
2024-2025,312,2025-04-12,Nott'm Forest,Everton,True,0,1,A,0,1.649944258639911
2024-2025,313,2025-04-12,Aston Villa,Southampton,False,3,0,A,3,2.0702267739575713
2024-2025,313,2025-04-12,Southampton,Aston Villa,True,0,3,A,0,0.7029992684711046
2024-2025,314,2025-04-12,Brentford,Arsenal,False,1,1,D,1,0.7869211001148231
2024-2025,314,2025-04-12,Arsenal,Brentford,True,1,1,D,1,1.9943681994641589
2024-2025,315,2025-04-13,Ipswich,Chelsea,False,2,2,D,1,0.4731325377281051
2024-2025,315,2025-04-13,Chelsea,Ipswich,True,2,2,D,1,2.3905411378417627
2024-2025,316,2025-04-13,West Ham,Liverpool,False,1,2,H,0,0.5105740181268883
2024-2025,316,2025-04-13,Liverpool,West Ham,True,2,1,H,3,2.3323262839879155
2024-2025,317,2025-04-13,Tottenham,Wolves,False,2,4,H,0,1.180694980694981
2024-2025,317,2025-04-13,Wolves,Tottenham,True,4,2,H,3,1.555984555984556
2024-2025,318,2025-04-13,Man United,Newcastle,False,1,4,H,0,0.8245841434435083
2024-2025,318,2025-04-13,Newcastle,Man United,True,4,1,H,3,1.949665154461007
2024-2025,319,2025-04-14,Fulham,Bournemouth,False,0,1,H,0,1.1337409247229653
2024-2025,319,2025-04-14,Bournemouth,Fulham,True,1,0,H,3,1.5951471150171952
2024-2025,320,2025-04-16,Crystal Palace,Newcastle,False,0,5,H,0,0.8115996857084655
2024-2025,320,2025-04-16,Newcastle,Crystal Palace,True,5,0,H,3,1.9454063964147488
2024-2025,321,2025-04-19,Brighton,Brentford,False,2,4,H,0,1.323243758565215
2024-2025,321,2025-04-19,Brentford,Brighton,True,4,2,H,3,1.4260263361735093
2024-2025,322,2025-04-19,Bournemouth,Crystal Palace,False,0,0,D,1,1.3304288053696705
2024-2025,322,2025-04-19,Crystal Palace,Bournemouth,True,0,0,D,1,1.409033014576552
2024-2025,323,2025-04-19,Man City,Everton,False,2,0,A,3,1.7249385614202395
2024-2025,323,2025-04-19,Everton,Man City,True,0,2,A,0,1.0158456516157428
2024-2025,324,2025-04-19,Southampton,West Ham,False,1,1,D,1,0.6529993163306425
2024-2025,324,2025-04-19,West Ham,Southampton,True,1,1,D,1,2.1292225638053672
2024-2025,325,2025-04-19,Newcastle,Aston Villa,False,1,4,H,0,1.2717812691287491
2024-2025,325,2025-04-19,Aston Villa,Newcastle,True,4,1,H,3,1.4701081411956742
2024-2025,326,2025-04-20,Chelsea,Fulham,False,2,1,A,3,1.4508589692369158
2024-2025,326,2025-04-20,Fulham,Chelsea,True,1,2,A,0,1.295645225729125
2024-2025,327,2025-04-20,Arsenal,Ipswich,False,4,0,A,3,2.2280373831775697
2024-2025,327,2025-04-20,Ipswich,Arsenal,True,0,4,A,0,0.5626168224299065
2024-2025,328,2025-04-20,Wolves,Man United,False,1,0,A,3,1.0526315789473684
2024-2025,328,2025-04-20,Man United,Wolves,True,0,1,A,0,1.6842105263157894
2024-2025,329,2025-04-20,Liverpool,Leicester,False,1,0,A,3,2.4463500194888357
2024-2025,329,2025-04-20,Leicester,Liverpool,True,0,1,A,0,0.404198452029623
2024-2025,330,2025-04-21,Nott'm Forest,Tottenham,False,2,1,A,3,1.3304288053696705
2024-2025,330,2025-04-21,Tottenham,Nott'm Forest,True,1,2,A,0,1.409033014576552
2024-2025,331,2025-04-22,Aston Villa,Man City,False,1,2,H,0,0.9595261599210269
2024-2025,331,2025-04-22,Man City,Aston Villa,True,2,1,H,3,1.809476801579467
2024-2025,332,2025-04-23,Crystal Palace,Arsenal,False,2,2,D,1,0.5769777356702983
2024-2025,332,2025-04-23,Arsenal,Crystal Palace,True,2,2,D,1,2.224064424443392
2024-2025,333,2025-04-26,Everton,Chelsea,False,0,1,H,0,0.7063291139240506
2024-2025,333,2025-04-26,Chelsea,Everton,True,1,0,H,3,2.0582278481012657
2024-2025,334,2025-04-26,West Ham,Brighton,False,2,3,H,0,0.830298167437995
2024-2025,334,2025-04-26,Brighton,West Ham,True,3,2,H,3,1.9423867723124095
2024-2025,335,2025-04-26,Ipswich,Newcastle,False,0,3,H,0,0.34423535212425005
2024-2025,335,2025-04-26,Newcastle,Ipswich,True,3,0,H,3,2.5297066316048977
2024-2025,336,2025-04-26,Fulham,Southampton,False,2,1,A,3,1.9944134078212292
2024-2025,336,2025-04-26,Southampton,Fulham,True,1,2,A,0,0.7709497206703909
2024-2025,337,2025-04-26,Leicester,Wolves,False,0,3,H,0,0.6744186046511629
2024-2025,337,2025-04-26,Wolves,Leicester,True,3,0,H,3,2.1019677996422184
2024-2025,338,2025-04-27,Man United,Bournemouth,False,1,1,D,1,0.8558782419630377
2024-2025,338,2025-04-27,Bournemouth,Man United,True,1,1,D,1,1.9107004193197705
2024-2025,339,2025-04-27,Tottenham,Liverpool,False,1,5,H,0,0.41547277936962745
2024-2025,339,2025-04-27,Liverpool,Tottenham,True,5,1,H,3,2.4269340974212033
2024-2025,340,2025-05-01,Brentford,Nott'm Forest,False,2,0,A,3,1.1419604056011587
2024-2025,340,2025-05-01,Nott'm Forest,Brentford,True,0,2,A,0,1.588121680347658
2024-2025,341,2025-05-02,Wolves,Man City,False,0,1,H,0,0.5769777356702983
2024-2025,341,2025-05-02,Man City,Wolves,True,1,0,H,3,2.224064424443392
2024-2025,342,2025-05-03,Fulham,Aston Villa,False,0,1,H,0,0.8856325947105074
2024-2025,342,2025-05-03,Aston Villa,Fulham,True,1,0,H,3,1.8613295210864902
2024-2025,343,2025-05-03,Ipswich,Everton,False,2,2,D,1,0.6445032327217578
2024-2025,343,2025-05-03,Everton,Ipswich,True,2,2,D,1,2.1405521283510267
2024-2025,344,2025-05-03,Southampton,Leicester,False,0,2,H,0,1.2450142450142447
2024-2025,344,2025-05-03,Leicester,Southampton,True,2,0,H,3,1.492877492877493
2024-2025,345,2025-05-03,Bournemouth,Arsenal,False,2,1,A,3,1.0954486825133591
2024-2025,345,2025-05-03,Arsenal,Bournemouth,True,1,2,A,0,1.6476874884835084
2024-2025,346,2025-05-04,Man United,Brentford,False,3,4,H,0,0.8255447142542734
2024-2025,346,2025-05-04,Brentford,Man United,True,4,3,H,3,1.9444648228303134
2024-2025,347,2025-05-04,Newcastle,Brighton,False,1,1,D,1,1.496393951143854
2024-2025,347,2025-05-04,Brighton,Newcastle,True,1,1,D,1,1.2467623109732453
2024-2025,348,2025-05-04,Tottenham,West Ham,False,1,1,D,1,1.1320435762584524
2024-2025,348,2025-05-04,West Ham,Tottenham,True,1,1,D,1,1.6115702479338843
2024-2025,349,2025-05-04,Liverpool,Chelsea,False,1,3,H,0,1.170180145649674
2024-2025,349,2025-05-04,Chelsea,Liverpool,True,3,1,H,3,1.5743579915676504
2024-2025,350,2025-05-05,Nott'm Forest,Crystal Palace,False,1,1,D,1,1.17178390983288
2024-2025,350,2025-05-05,Crystal Palace,Nott'm Forest,True,1,1,D,1,1.5483870967741933
2024-2025,351,2025-05-10,Everton,Fulham,False,3,1,A,3,0.9014758406900736
2024-2025,351,2025-05-10,Fulham,Everton,True,1,3,A,0,1.8225621672619448
2024-2025,352,2025-05-10,Brentford,Ipswich,False,1,0,A,3,1.9583931133428982
2024-2025,352,2025-05-10,Ipswich,Brentford,True,0,1,A,0,0.8048780487804877
2024-2025,353,2025-05-10,Man City,Southampton,False,0,0,D,1,2.489971346704871
2024-2025,353,2025-05-10,Southampton,Man City,True,0,0,D,1,0.3839541547277937
2024-2025,354,2025-05-10,Brighton,Wolves,False,2,0,A,3,1.4068136272545089
2024-2025,354,2025-05-10,Wolves,Brighton,True,0,2,A,0,1.322645290581162
2024-2025,355,2025-05-10,Aston Villa,Bournemouth,False,1,0,A,3,1.2935560859188546
2024-2025,355,2025-05-10,Bournemouth,Aston Villa,True,0,1,A,0,1.443914081145585
2024-2025,356,2025-05-11,Chelsea,Newcastle,False,0,2,H,0,1.1585928489042674
2024-2025,356,2025-05-11,Newcastle,Chelsea,True,2,0,H,3,1.591118800461361
2024-2025,357,2025-05-11,West Ham,Man United,False,2,0,A,3,0.9750346740638003
2024-2025,357,2025-05-11,Man United,West Ham,True,0,2,A,0,1.7614424410540916
2024-2025,358,2025-05-11,Leicester,Nott'm Forest,False,2,2,D,1,0.529791605518051
2024-2025,358,2025-05-11,Nott'm Forest,Leicester,True,2,2,D,1,2.2917522747285
2024-2025,359,2025-05-11,Crystal Palace,Tottenham,False,2,0,A,3,1.396757576967616
2024-2025,359,2025-05-11,Tottenham,Crystal Palace,True,0,2,A,0,1.3406940063091484
2024-2025,360,2025-05-11,Arsenal,Liverpool,False,2,2,D,1,1.0526315789473684
2024-2025,360,2025-05-11,Liverpool,Arsenal,True,2,2,D,1,1.6842105263157894
2024-2025,361,2025-05-16,Tottenham,Aston Villa,False,0,2,H,0,0.49319971367215465
2024-2025,361,2025-05-16,Aston Villa,Tottenham,True,2,0,H,3,2.3486041517537584
2024-2025,362,2025-05-16,Man United,Chelsea,False,0,1,H,0,0.6448893572181245
2024-2025,362,2025-05-16,Chelsea,Man United,True,1,0,H,3,2.1654373024236038
2024-2025,363,2025-05-18,Southampton,Everton,False,0,2,H,0,0.5769777356702983
2024-2025,363,2025-05-18,Everton,Southampton,True,2,0,H,3,2.224064424443392
2024-2025,364,2025-05-18,Nott'm Forest,West Ham,False,2,1,A,3,1.3973063973063973
2024-2025,364,2025-05-18,West Ham,Nott'm Forest,True,1,2,A,0,1.3164983164983162
2024-2025,365,2025-05-18,Fulham,Brentford,False,3,2,A,3,1.030248545742993
2024-2025,365,2025-05-18,Brentford,Fulham,True,2,3,A,0,1.7273400317292436
2024-2025,366,2025-05-18,Ipswich,Leicester,False,0,2,H,0,1.2410397794407246
2024-2025,366,2025-05-18,Leicester,Ipswich,True,2,0,H,3,1.4962583694367861
2024-2025,367,2025-05-18,Newcastle,Arsenal,False,0,1,H,0,1.026315789473684
2024-2025,367,2025-05-18,Arsenal,Newcastle,True,1,0,H,3,1.717105263157895
2024-2025,368,2025-05-19,Liverpool,Brighton,False,2,3,H,0,1.407487898844216
2024-2025,368,2025-05-19,Brighton,Liverpool,True,3,2,H,3,1.3408080608515263
2024-2025,369,2025-05-20,Wolves,Crystal Palace,False,2,4,H,0,1.1703394877903515
2024-2025,369,2025-05-20,Crystal Palace,Wolves,True,4,2,H,3,1.543776057176891
2024-2025,370,2025-05-20,Bournemouth,Man City,False,1,3,H,0,0.7168293375121848
2024-2025,370,2025-05-20,Man City,Bournemouth,True,3,1,H,3,2.0632256950014187
2024-2025,371,2025-05-25,Leicester,Bournemouth,False,0,2,H,0,0.5126564673157163
2024-2025,371,2025-05-25,Bournemouth,Leicester,True,2,0,H,3,2.3076495132127954
2024-2025,372,2025-05-25,Man City,Fulham,False,2,0,A,3,1.9876819708846583
2024-2025,372,2025-05-25,Fulham,Man City,True,0,2,A,0,0.788353863381859
2024-2025,373,2025-05-25,West Ham,Ipswich,False,3,1,A,3,1.5477996965098635
2024-2025,373,2025-05-25,Ipswich,West Ham,True,1,3,A,0,1.2018209408194234
2024-2025,374,2025-05-25,Crystal Palace,Liverpool,False,1,1,D,1,0.6526005888125613
2024-2025,374,2025-05-25,Liverpool,Crystal Palace,True,1,1,D,1,2.1894013738959766
2024-2025,375,2025-05-25,Aston Villa,Man United,False,0,2,H,0,1.894300486431915
2024-2025,375,2025-05-25,Man United,Aston Villa,True,2,0,H,3,0.8805029522440113
2024-2025,376,2025-05-25,Everton,Newcastle,False,1,0,A,3,0.508643108459538
2024-2025,376,2025-05-25,Newcastle,Everton,True,0,1,A,0,2.318418234664219
2024-2025,377,2025-05-25,Chelsea,Nott'm Forest,False,1,0,A,3,1.5459770114942528
2024-2025,377,2025-05-25,Nott'm Forest,Chelsea,True,0,1,A,0,1.2011494252873565
2024-2025,378,2025-05-25,Arsenal,Southampton,False,2,1,A,3,2.3486041517537584
2024-2025,378,2025-05-25,Southampton,Arsenal,True,1,2,A,0,0.49319971367215465
2024-2025,379,2025-05-25,Brighton,Tottenham,False,4,1,A,3,1.8875393887478205
2024-2025,379,2025-05-25,Tottenham,Brighton,True,1,4,A,0,0.8940251476122005
2024-2025,380,2025-05-25,Brentford,Wolves,False,1,1,D,1,1.4252045188936502
2024-2025,380,2025-05-25,Wolves,Brentford,True,1,1,D,1,1.317101675107129
